{
    "$schema": "https://go.kicad.org/pcm/schemas/v1",
    "name": "Oktizer Action Plugin",
    "description": "Plugin to modify boards to have octagonal looking pads and vias.",
    "description_full": "Creates octagonal filleted pads and vias by modifying them and/or adding zones, similar to how teardrops work. The PCB needs to be prepared first with\nTools → Cleanup Tracks &amp; Vias… → ☒ Merge co-linear tracks\nClicking the Oktizer tool button or choosing\nTools → External Plugins… → Oktizer\nmodifies the selected pads and vias, or all round and rectangular PTH pads and vias if there is no selection.",
    "identifier": "com.gitlab.mgyger.oktizer",
    "type": "plugin",
    "author": {
        "name": "mgyger",
        "contact": {
        }
    },
    "license": "CC0-1.0",
    "resources": {
        "Repository": "https://gitlab.com/mgyger/kicad-addons"
    },
    "tags": [
        "octagon",
        "action",
        "plugin",
        "python",
        "pcb",
        "pcbnew",
        "elektuur",
        "elektor"
    ],
    "versions": [
        {
            "version": "0.7.0",
            "status": "stable",
            "kicad_version": "5.1",
            "download_url": "https://gitlab.com/mgyger/kicad-addons/-/raw/main/kicad-oktizer-0.7.0.zip"
        }
    ]
}
